{"0": 10.985195423160816, "1": -2.0287819957481092, "2": -1.9564134274127074, "3": 3.0, "4": 4.0, "5": 5.0, "6": 3.0, "7": 0, "8": 0}