{"0": 1097.0000168377499, "1": 1075.2897870593813, "2": 1030.0291312207291, "3": 1011.3506220527777, "4": 982.7075668411728, "5": 957.3736831605679, "6": 925.1261552511147, "7": 916.6290432174966, "8": 894.49399435901}