{"0": 1034.9802867667797, "1": 1025.7077222019336, "2": 989.6911450396907, "3": 970.7823884833367, "4": 943.2718715829529, "5": 935.5017086340758, "6": 913.1237965292229, "7": 926.9410807620076, "8": 915.0}