{"0": 1068.503586115238, "1": 1054.6442676019194, "2": 1014.0690309984217, "3": 993.6326585112597, "4": 961.8964602121092, "5": 938.970045170178, "6": 908.2758240044611, "7": 904.5668828396919, "8": 880.4412445467215}