{"0": 1036.1468041344729, "1": 1021.4028353491209, "2": 984.7686861939796, "3": 952.603615906927, "4": 929.3930229549312, "5": 950.6850354605684, "6": 940.0, "7": 960.0, "8": 960.0}