{"0": 1033.5266292249703, "1": 1028.5471144206397, "2": 1019.0471341458165, "3": 1009.5387682622131, "4": 1000.0219319973452, "5": 990.4965581009048, "6": 980.6517730181596, "7": 971.360221854476, "8": 961.8098689754747}