{"0": 1027.2173433160312, "1": 1017.7938954296654, "2": 989.6911450396907, "3": 966.3407091710912, "4": 943.2718715829529, "5": 950.6850354605684, "6": 940.0, "7": 960.0, "8": 960.0}