{"0": 1039.0667775978116, "1": 1025.7077222019336, "2": 979.6911450396907, "3": 961.695897652305, "4": 943.2718715829529, "5": 935.5017086340758, "6": 913.1237965292229, "7": 926.9410807620076, "8": 910.0}